Built,n,prop
3.4.1,8,0.0842105263157895
3.4.2,4,0.0421052631578947
3.4.3,83,0.873684210526316
